height,weight,age,form,shoulder,long_sleeve,sleeve,biceps,armhole,neck,chest,waist,stomach,hip,pants_length,thight,crotch
1.0,1.0,1.0,nan,1.0,nan,1.0,nan,nan,1.0,1.0,1.0,1.0,nan,nan,nan,nan
1.0,1.0,1.0,nan,1.0,nan,1.0,nan,nan,1.0,1.0,1.0,1.0,nan,nan,nan,nan
1.0,1.0,1.0,nan,1.0,nan,1.0,nan,nan,1.0,1.0,1.0,1.0,nan,nan,nan,nan
1.0,1.0,1.0,nan,1.0,nan,1.0,nan,nan,1.0,1.0,1.0,1.0,nan,nan,nan,nan
1.0,1.0,1.0,nan,1.0,nan,1.0,nan,nan,1.0,1.0,1.0,1.0,nan,nan,nan,nan
1.0,1.0,1.0,nan,1.0,nan,1.0,nan,nan,1.0,1.0,1.0,1.0,nan,nan,nan,nan
1.0,1.0,1.0,nan,nan,nan,nan,nan,nan,nan,nan,nan,nan,nan,nan,nan,nan
1.0,1.0,1.0,nan,nan,nan,nan,nan,nan,nan,nan,nan,nan,nan,nan,nan,nan
1.0,1.0,1.0,nan,nan,nan,nan,nan,nan,nan,nan,nan,nan,nan,nan,nan,nan
1.0,1.0,1.0,nan,nan,nan,nan,nan,nan,nan,nan,nan,nan,nan,nan,nan,nan
1.0,1.0,1.0,nan,1.0,nan,1.0,nan,nan,1.0,1.0,1.0,1.0,nan,nan,nan,nan
100.0,100.0,100.0,nan,nan,nan,nan,nan,nan,nan,nan,nan,nan,nan,nan,nan,nan
1.0,11.0,1.0,nan,nan,nan,nan,nan,nan,nan,nan,nan,nan,nan,nan,nan,nan
1.0,11.0,1.0,nan,nan,nan,nan,nan,nan,nan,nan,nan,nan,nan,nan,nan,nan
1.0,1.0,1.0,nan,nan,nan,nan,nan,nan,nan,nan,nan,nan,nan,nan,nan,nan
1.0,1.0,1.0,nan,1.0,nan,1.0,nan,nan,1.0,1.0,1.0,1.0,nan,nan,nan,nan
1.0,1.0,1.0,nan,1.0,nan,1.0,nan,nan,1.0,1.0,1.0,1.0,nan,nan,nan,nan
1.0,1.0,1.0,nan,1.0,nan,1.0,nan,nan,1.0,1.0,1.0,1.0,1.0,nan,nan,1.0
1.0,1.0,1.0,nan,1.0,nan,1.0,nan,nan,1.0,1.0,1.0,1.0,1.0,nan,nan,1.0
1.0,1.0,1.0,nan,1.0,nan,1.0,nan,nan,1.0,1.0,1.0,1.0,1.0,nan,nan,1.0
11.0,1.0,1.0,nan,nan,nan,nan,nan,nan,nan,nan,nan,nan,nan,nan,nan,nan
1.0,1.0,1.0,nan,nan,nan,nan,nan,nan,nan,nan,nan,nan,nan,nan,nan,nan
1.0,1.0,1.0,nan,nan,nan,nan,nan,nan,nan,nan,nan,nan,nan,nan,nan,nan
1.0,1.0,1.0,nan,nan,nan,nan,nan,nan,nan,nan,nan,nan,nan,nan,nan,nan
1.0,1.0,1.0,nan,nan,nan,nan,nan,nan,nan,nan,nan,nan,nan,nan,nan,nan
1.0,1.0,1.0,nan,nan,nan,nan,nan,nan,nan,nan,nan,nan,nan,nan,nan,nan
1.0,1.0,1.0,nan,nan,nan,nan,nan,nan,nan,nan,nan,nan,nan,nan,nan,nan
1.0,1.0,1.0,nan,nan,nan,nan,nan,nan,nan,nan,nan,nan,nan,nan,nan,nan
1.0,1.0,1.0,nan,nan,nan,nan,nan,nan,nan,nan,nan,nan,nan,nan,nan,nan
1.0,1.0,1.0,nan,nan,nan,nan,nan,nan,nan,nan,nan,nan,nan,nan,nan,nan
1.0,1.0,1.0,nan,nan,nan,nan,nan,nan,nan,nan,nan,nan,nan,nan,nan,nan
1.0,1.0,1.0,nan,nan,nan,nan,nan,nan,nan,nan,nan,nan,nan,nan,nan,nan
1.0,1.0,1.0,nan,nan,nan,nan,nan,nan,nan,nan,nan,nan,nan,nan,nan,nan
1.0,1.0,1.0,nan,nan,nan,nan,nan,nan,nan,nan,nan,nan,nan,nan,nan,nan
1.0,1.0,1.0,nan,nan,nan,nan,nan,nan,nan,nan,nan,nan,nan,nan,nan,nan
1.0,1.0,1.0,nan,nan,nan,nan,nan,nan,nan,nan,nan,nan,nan,nan,nan,nan
180.0,90.0,19.0,nan,nan,nan,nan,nan,nan,nan,nan,nan,nan,nan,nan,nan,nan
180.0,90.0,19.0,nan,nan,nan,nan,nan,nan,nan,nan,nan,nan,nan,nan,nan,nan
180.0,90.0,19.0,nan,nan,nan,nan,nan,nan,nan,nan,nan,nan,nan,nan,nan,nan
180.0,90.0,19.0,nan,nan,nan,nan,nan,nan,nan,nan,nan,nan,nan,nan,nan,nan
180.0,90.0,19.0,nan,nan,nan,nan,nan,nan,nan,nan,nan,nan,nan,nan,nan,nan
180.0,90.0,19.0,nan,nan,nan,nan,nan,nan,nan,nan,nan,nan,nan,nan,nan,nan
180.0,90.0,19.0,nan,nan,nan,nan,nan,nan,nan,nan,nan,nan,nan,nan,nan,nan
180.0,90.0,19.0,nan,nan,nan,nan,nan,nan,nan,nan,nan,nan,nan,nan,nan,nan
180.0,90.0,19.0,nan,nan,nan,nan,nan,nan,nan,nan,nan,nan,nan,nan,nan,nan
180.0,90.0,19.0,nan,nan,nan,nan,nan,nan,nan,nan,nan,nan,nan,nan,nan,nan
165.0,67.0,37.0,nan,nan,nan,nan,nan,nan,nan,nan,nan,nan,nan,nan,nan,nan
165.0,65.0,33.0,nan,nan,nan,nan,nan,nan,nan,nan,nan,nan,nan,nan,nan,nan
165.0,67.0,37.0,nan,nan,nan,nan,nan,nan,nan,nan,nan,nan,nan,nan,nan,nan
180.0,90.0,30.0,nan,nan,nan,nan,nan,nan,nan,nan,nan,nan,nan,nan,nan,nan
180.0,90.0,30.0,nan,nan,nan,nan,nan,nan,nan,nan,nan,nan,nan,nan,nan,nan
165.0,67.0,37.0,nan,nan,nan,nan,nan,nan,nan,nan,nan,nan,nan,nan,nan,nan
165.0,67.0,37.0,nan,nan,nan,nan,nan,nan,nan,nan,nan,nan,nan,nan,nan,nan
1.0,1.0,1.0,nan,nan,nan,nan,nan,nan,nan,nan,nan,nan,nan,nan,nan,nan
165.0,65.0,33.0,nan,nan,nan,nan,nan,nan,nan,nan,nan,nan,nan,nan,nan,nan
165.0,65.0,33.0,nan,nan,nan,nan,nan,nan,nan,nan,nan,nan,nan,nan,nan,nan
175.0,75.0,26.0,nan,nan,nan,nan,nan,nan,nan,nan,nan,nan,nan,nan,nan,nan
175.0,75.0,26.0,nan,nan,nan,nan,nan,nan,nan,nan,nan,nan,nan,nan,nan,nan
175.0,75.0,26.0,nan,nan,nan,nan,nan,nan,nan,nan,nan,nan,nan,nan,nan,nan
175.0,75.0,26.0,nan,nan,nan,nan,nan,nan,nan,nan,nan,nan,nan,nan,nan,nan
175.0,75.0,26.0,nan,nan,nan,nan,nan,nan,nan,nan,nan,nan,nan,nan,nan,nan
175.0,75.0,26.0,nan,nan,nan,nan,nan,nan,nan,nan,nan,nan,nan,nan,nan,nan
175.0,75.0,26.0,nan,nan,nan,nan,nan,nan,nan,nan,nan,nan,nan,nan,nan,nan
175.0,75.0,26.0,nan,nan,nan,nan,nan,nan,nan,nan,nan,nan,nan,nan,nan,nan
175.0,75.0,26.0,nan,nan,nan,nan,nan,nan,nan,nan,nan,nan,nan,nan,nan,nan
175.0,75.0,26.0,nan,nan,nan,nan,nan,nan,nan,nan,nan,nan,nan,nan,nan,nan
175.0,75.0,26.0,nan,nan,nan,nan,nan,nan,nan,nan,nan,nan,nan,nan,nan,nan
175.0,75.0,26.0,nan,nan,nan,nan,nan,nan,nan,nan,nan,nan,nan,nan,nan,nan
175.0,75.0,26.0,nan,nan,nan,nan,nan,nan,nan,nan,nan,nan,nan,nan,nan,nan
175.0,75.0,26.0,nan,nan,nan,nan,nan,nan,nan,nan,nan,nan,nan,nan,nan,nan
175.0,75.0,26.0,nan,nan,nan,nan,nan,nan,nan,nan,nan,nan,nan,nan,nan,nan
175.0,75.0,26.0,nan,nan,nan,nan,nan,nan,nan,nan,nan,nan,nan,nan,nan,nan
175.0,75.0,26.0,nan,nan,nan,nan,nan,nan,nan,nan,nan,nan,nan,nan,nan,nan
175.0,75.0,26.0,nan,nan,nan,nan,nan,nan,nan,nan,nan,nan,nan,nan,nan,nan
175.0,75.0,26.0,nan,nan,nan,nan,nan,nan,nan,nan,nan,nan,nan,nan,nan,nan
175.0,75.0,26.0,nan,nan,nan,nan,nan,nan,nan,nan,nan,nan,nan,nan,nan,nan
175.0,75.0,26.0,nan,nan,nan,nan,nan,nan,nan,nan,nan,nan,nan,nan,nan,nan
175.0,75.0,26.0,nan,nan,nan,nan,nan,nan,nan,nan,nan,nan,nan,nan,nan,nan
175.0,75.0,26.0,nan,nan,nan,nan,nan,nan,nan,nan,nan,nan,nan,nan,nan,nan
175.0,75.0,26.0,nan,nan,nan,nan,nan,nan,nan,nan,nan,nan,nan,nan,nan,nan
175.0,75.0,26.0,nan,nan,nan,nan,nan,nan,nan,nan,nan,nan,nan,nan,nan,nan
175.0,75.0,26.0,nan,nan,nan,nan,nan,nan,nan,nan,nan,nan,nan,nan,nan,nan
1.0,1.0,1.0,nan,nan,nan,nan,nan,nan,nan,nan,nan,nan,nan,nan,nan,nan
1.0,1.0,1.0,nan,nan,nan,nan,nan,nan,nan,nan,nan,nan,nan,nan,nan,nan
1.0,1.0,1.0,nan,nan,nan,nan,nan,nan,nan,nan,nan,nan,nan,nan,nan,nan
1.0,1.0,1.0,nan,nan,nan,nan,nan,nan,nan,nan,nan,nan,nan,nan,nan,nan
1.0,1.0,1.0,nan,nan,nan,nan,nan,nan,nan,nan,nan,nan,nan,nan,nan,nan
1.0,1.0,1.0,nan,nan,nan,nan,nan,nan,nan,nan,nan,nan,nan,nan,nan,nan
100.0,100.0,100.0,nan,nan,nan,nan,nan,nan,nan,nan,nan,nan,nan,nan,nan,nan
175.0,70.0,26.0,nan,nan,nan,nan,nan,nan,nan,nan,nan,nan,nan,nan,nan,nan
175.0,70.0,26.0,nan,nan,nan,nan,nan,nan,nan,nan,nan,nan,nan,nan,nan,nan
175.0,70.0,26.0,nan,nan,nan,nan,nan,nan,nan,nan,nan,nan,nan,nan,nan,nan
175.0,70.0,26.0,nan,nan,nan,nan,nan,nan,nan,nan,nan,nan,nan,nan,nan,nan
175.0,70.0,26.0,nan,nan,nan,nan,nan,nan,nan,nan,nan,nan,nan,nan,nan,nan
163.0,73.0,35.0,nan,nan,nan,nan,nan,nan,nan,nan,nan,nan,nan,nan,nan,nan
163.0,73.0,35.0,nan,nan,nan,nan,nan,nan,nan,nan,nan,nan,nan,nan,nan,nan
163.0,85.0,35.0,nan,nan,nan,nan,nan,nan,nan,nan,nan,nan,nan,nan,nan,nan
175.0,75.0,26.0,nan,nan,nan,nan,nan,nan,nan,nan,nan,nan,nan,nan,nan,nan
175.0,75.0,26.0,nan,nan,nan,nan,nan,nan,nan,nan,nan,nan,nan,nan,nan,nan
175.0,75.0,26.0,nan,nan,nan,nan,nan,nan,nan,nan,nan,nan,nan,nan,nan,nan
175.0,75.0,26.0,nan,nan,nan,nan,nan,nan,nan,nan,nan,nan,nan,nan,nan,nan
175.0,75.0,26.0,nan,nan,nan,nan,nan,nan,nan,nan,nan,nan,nan,nan,nan,nan
175.0,75.0,26.0,nan,nan,nan,nan,nan,nan,nan,nan,nan,nan,nan,nan,nan,nan
175.0,75.0,26.0,nan,nan,nan,nan,nan,nan,nan,nan,nan,nan,nan,nan,nan,nan
175.0,75.0,26.0,nan,nan,nan,nan,nan,nan,nan,nan,nan,nan,nan,nan,nan,nan
175.0,75.0,26.0,nan,nan,nan,nan,nan,nan,nan,nan,nan,nan,nan,nan,nan,nan
175.0,75.0,26.0,nan,nan,nan,nan,nan,nan,nan,nan,nan,nan,nan,nan,nan,nan
175.0,75.0,26.0,nan,nan,nan,nan,nan,nan,nan,nan,nan,nan,nan,nan,nan,nan
175.0,75.0,26.0,nan,nan,nan,nan,nan,nan,nan,nan,nan,nan,nan,nan,nan,nan
175.0,75.0,26.0,nan,nan,nan,nan,nan,nan,nan,nan,nan,nan,nan,nan,nan,nan
175.0,75.0,26.0,nan,nan,nan,nan,nan,nan,nan,nan,nan,nan,nan,nan,nan,nan
175.0,75.0,26.0,nan,nan,nan,nan,nan,nan,nan,nan,nan,nan,nan,nan,nan,nan
175.0,100.0,26.0,nan,nan,nan,nan,nan,nan,nan,nan,nan,nan,nan,nan,nan,nan
175.0,100.0,26.0,nan,nan,nan,nan,nan,nan,nan,nan,nan,nan,nan,nan,nan,nan
175.0,100.0,26.0,nan,nan,nan,nan,nan,nan,nan,nan,nan,nan,nan,nan,nan,nan
175.0,75.0,26.0,nan,nan,nan,nan,nan,nan,nan,nan,nan,nan,nan,nan,nan,nan
175.0,75.0,26.0,nan,nan,nan,nan,nan,nan,nan,nan,nan,nan,nan,nan,nan,nan
175.0,75.0,26.0,nan,nan,nan,nan,nan,nan,nan,nan,nan,nan,nan,nan,nan,nan
175.0,75.0,26.0,nan,nan,nan,nan,nan,nan,nan,nan,nan,nan,nan,nan,nan,nan
175.0,75.0,26.0,nan,nan,nan,nan,nan,nan,nan,nan,nan,nan,nan,nan,nan,nan
175.0,75.0,26.0,nan,nan,nan,nan,nan,nan,nan,nan,nan,nan,nan,nan,nan,nan
175.0,75.0,26.0,nan,nan,nan,nan,nan,nan,nan,nan,nan,nan,nan,nan,nan,nan
175.0,75.0,26.0,nan,nan,nan,nan,nan,nan,nan,nan,nan,nan,nan,nan,nan,nan
175.0,75.0,26.0,nan,nan,nan,nan,nan,nan,nan,nan,nan,nan,nan,nan,nan,nan
175.0,75.0,26.0,nan,nan,nan,nan,nan,nan,nan,nan,nan,nan,nan,nan,nan,nan
175.0,75.0,26.0,nan,nan,nan,nan,nan,nan,nan,nan,nan,nan,nan,nan,nan,nan
175.0,75.0,26.0,nan,nan,nan,nan,nan,nan,nan,nan,nan,nan,nan,nan,nan,nan
175.0,75.0,26.0,nan,nan,nan,nan,nan,nan,nan,nan,nan,nan,nan,nan,nan,nan
167.0,65.0,37.0,nan,nan,nan,nan,nan,nan,nan,nan,nan,nan,nan,nan,nan,nan
167.0,65.0,37.0,nan,nan,nan,nan,nan,nan,nan,nan,nan,nan,nan,nan,nan,nan
163.0,60.0,25.0,nan,nan,nan,nan,nan,nan,nan,nan,nan,nan,nan,nan,nan,nan
163.0,60.0,25.0,nan,nan,nan,nan,nan,nan,nan,nan,nan,nan,nan,nan,nan,nan
163.0,60.0,25.0,nan,nan,nan,nan,nan,nan,nan,nan,nan,nan,nan,nan,nan,nan
168.0,63.0,30.0,nan,nan,nan,nan,nan,nan,nan,nan,nan,nan,nan,nan,nan,nan
168.0,63.0,30.0,nan,nan,nan,nan,nan,nan,nan,nan,nan,nan,nan,nan,nan,nan
168.0,45.0,24.0,nan,nan,nan,nan,nan,nan,nan,nan,nan,nan,nan,nan,nan,nan
168.0,45.0,24.0,nan,nan,nan,nan,nan,nan,nan,nan,nan,nan,nan,nan,nan,nan
175.0,75.0,75.0,nan,nan,nan,nan,nan,nan,nan,nan,nan,nan,nan,nan,nan,nan
175.0,75.0,75.0,nan,nan,nan,nan,nan,nan,nan,nan,nan,nan,nan,nan,nan,nan
168.0,63.0,30.0,nan,nan,nan,nan,nan,nan,nan,nan,nan,nan,nan,nan,nan,nan
168.0,63.0,30.0,nan,nan,nan,nan,nan,nan,nan,nan,nan,nan,nan,nan,nan,nan
178.0,65.0,25.0,nan,nan,nan,nan,nan,nan,nan,nan,nan,nan,nan,nan,nan,nan
180.0,78.0,40.0,nan,nan,nan,nan,nan,nan,nan,nan,nan,nan,nan,nan,nan,nan
180.0,78.0,40.0,nan,nan,nan,nan,nan,nan,nan,nan,nan,nan,nan,nan,nan,nan
168.0,63.0,30.0,nan,nan,nan,nan,nan,nan,nan,nan,nan,nan,nan,nan,nan,nan
168.0,63.0,30.0,nan,nan,nan,nan,nan,nan,nan,nan,nan,nan,nan,nan,nan,nan
175.0,175.0,175.0,nan,nan,nan,nan,nan,nan,nan,nan,nan,nan,nan,nan,nan,nan
175.0,175.0,175.0,nan,nan,nan,nan,nan,nan,nan,nan,nan,nan,nan,nan,nan,nan
175.0,75.0,26.0,nan,nan,nan,nan,nan,nan,nan,nan,nan,nan,nan,nan,nan,nan
175.0,75.0,26.0,nan,nan,nan,nan,nan,nan,nan,nan,nan,nan,nan,nan,nan,nan
175.0,75.0,26.0,nan,nan,nan,nan,nan,nan,nan,nan,nan,nan,nan,nan,nan,nan
175.0,75.0,26.0,nan,nan,nan,nan,nan,nan,nan,nan,nan,nan,nan,nan,nan,nan
159.0,55.0,27.0,nan,nan,nan,nan,nan,nan,nan,nan,nan,nan,nan,nan,nan,nan
159.0,55.0,27.0,nan,nan,nan,nan,nan,nan,nan,nan,nan,nan,nan,nan,nan,nan
182.0,61.0,45.0,nan,nan,nan,nan,nan,nan,nan,nan,nan,nan,nan,nan,nan,nan
182.0,61.0,45.0,nan,nan,nan,nan,nan,nan,nan,nan,nan,nan,nan,nan,nan,nan
168.0,60.0,26.0,nan,nan,nan,nan,nan,nan,nan,nan,nan,nan,nan,nan,nan,nan
168.0,60.0,26.0,nan,nan,nan,nan,nan,nan,nan,nan,nan,nan,nan,nan,nan,nan
156.0,56.0,32.0,nan,nan,nan,nan,nan,nan,nan,nan,nan,nan,nan,nan,nan,nan
156.0,56.0,32.0,nan,nan,nan,nan,nan,nan,nan,nan,nan,nan,nan,nan,nan,nan
171.0,79.0,35.0,nan,nan,nan,nan,nan,nan,nan,nan,nan,nan,nan,nan,nan,nan
168.0,64.0,25.0,nan,nan,nan,nan,nan,nan,nan,nan,nan,nan,nan,nan,nan,nan
168.0,64.0,25.0,nan,nan,nan,nan,nan,nan,nan,nan,nan,nan,nan,nan,nan,nan
183.0,79.0,20.0,nan,nan,nan,nan,nan,nan,nan,nan,nan,nan,nan,nan,nan,nan
183.0,79.0,20.0,nan,nan,nan,nan,nan,nan,nan,nan,nan,nan,nan,nan,nan,nan
183.0,79.0,20.0,nan,nan,nan,nan,nan,nan,nan,nan,nan,nan,nan,nan,nan,nan
172.0,72.0,26.0,nan,nan,nan,nan,nan,nan,nan,nan,nan,nan,nan,nan,nan,nan
172.0,72.0,26.0,nan,nan,nan,nan,nan,nan,nan,nan,nan,nan,nan,nan,nan,nan
172.0,72.0,26.0,nan,nan,nan,nan,nan,nan,nan,nan,nan,nan,nan,nan,nan,nan
172.0,72.0,26.0,nan,nan,nan,nan,nan,nan,nan,nan,nan,nan,nan,nan,nan,nan
168.0,60.0,26.0,nan,nan,nan,nan,nan,nan,nan,nan,nan,nan,nan,nan,nan,nan
168.0,60.0,26.0,nan,nan,nan,nan,nan,nan,nan,nan,nan,nan,nan,nan,nan,nan
172.0,72.0,29.0,nan,nan,nan,nan,nan,nan,nan,nan,nan,nan,nan,nan,nan,nan
172.0,72.0,29.0,nan,nan,nan,nan,nan,nan,nan,nan,nan,nan,nan,nan,nan,nan
178.0,68.0,28.0,nan,nan,nan,nan,nan,nan,nan,nan,nan,nan,nan,nan,nan,nan
169.0,65.0,30.0,nan,nan,nan,nan,nan,nan,nan,nan,nan,nan,nan,nan,nan,nan
174.0,85.0,25.0,nan,nan,nan,nan,nan,nan,nan,nan,nan,nan,nan,nan,nan,nan
174.0,85.0,25.0,nan,nan,nan,nan,nan,nan,nan,nan,nan,nan,nan,nan,nan,nan
163.0,73.0,35.0,nan,nan,nan,nan,nan,nan,nan,nan,nan,nan,nan,nan,nan,nan
170.0,65.0,30.0,nan,nan,nan,nan,nan,nan,nan,nan,nan,nan,nan,nan,nan,nan
170.0,65.0,30.0,nan,nan,nan,nan,nan,nan,nan,nan,nan,nan,nan,nan,nan,nan
171.0,79.0,35.0,nan,nan,nan,nan,nan,nan,nan,nan,nan,nan,nan,nan,nan,nan
170.0,65.0,38.0,nan,nan,nan,nan,nan,nan,nan,nan,nan,nan,nan,nan,nan,nan
170.0,65.0,38.0,nan,nan,nan,nan,nan,nan,nan,nan,nan,nan,nan,nan,nan,nan
170.0,65.0,38.0,nan,nan,nan,nan,nan,nan,nan,nan,nan,nan,nan,nan,nan,nan
170.0,65.0,38.0,nan,nan,nan,nan,nan,nan,nan,nan,nan,nan,nan,nan,nan,nan
175.0,75.0,26.0,nan,nan,nan,nan,nan,nan,nan,nan,nan,nan,nan,nan,nan,nan
175.0,75.0,26.0,nan,nan,nan,nan,nan,nan,nan,nan,nan,nan,nan,nan,nan,nan
175.0,75.0,26.0,nan,nan,nan,nan,nan,nan,nan,nan,nan,nan,nan,nan,nan,nan
175.0,75.0,26.0,nan,nan,nan,nan,nan,nan,nan,nan,nan,nan,nan,nan,nan,nan
175.0,98.0,65.0,nan,nan,nan,nan,nan,nan,nan,nan,nan,nan,nan,nan,nan,nan
175.0,98.0,65.0,nan,nan,nan,nan,nan,nan,nan,nan,nan,nan,nan,nan,nan,nan
177.0,55.0,70.0,nan,nan,nan,nan,nan,nan,nan,nan,nan,nan,nan,nan,nan,nan
177.0,55.0,70.0,nan,nan,nan,nan,nan,nan,nan,nan,nan,nan,nan,nan,nan,nan
177.0,55.0,70.0,nan,nan,nan,nan,nan,nan,nan,nan,nan,nan,nan,nan,nan,nan
177.0,55.0,70.0,nan,nan,nan,nan,nan,nan,nan,nan,nan,nan,nan,nan,nan,nan
177.0,55.0,70.0,nan,nan,nan,nan,nan,nan,nan,nan,nan,nan,nan,nan,nan,nan
177.0,55.0,70.0,nan,nan,nan,nan,nan,nan,nan,nan,nan,nan,nan,nan,nan,nan
168.0,56.0,37.0,nan,nan,nan,nan,nan,nan,nan,nan,nan,nan,nan,nan,nan,nan
168.0,56.0,37.0,nan,nan,nan,nan,nan,nan,nan,nan,nan,nan,nan,nan,nan,nan
168.0,56.0,37.0,nan,nan,nan,nan,nan,nan,nan,nan,nan,nan,nan,nan,nan,nan
168.0,56.0,37.0,nan,nan,nan,nan,nan,nan,nan,nan,nan,nan,nan,nan,nan,nan
1.0,1.0,1.0,nan,nan,nan,nan,nan,nan,nan,nan,nan,nan,nan,nan,nan,nan
168.0,56.0,37.0,nan,nan,nan,nan,nan,nan,nan,nan,nan,nan,nan,nan,nan,nan
168.0,56.0,37.0,nan,nan,nan,nan,nan,nan,nan,nan,nan,nan,nan,nan,nan,nan
168.0,56.0,37.0,nan,nan,nan,nan,nan,nan,nan,nan,nan,nan,nan,nan,nan,nan
168.0,56.0,37.0,nan,nan,nan,nan,nan,nan,nan,nan,nan,nan,nan,nan,nan,nan
167.0,62.0,25.0,nan,nan,nan,nan,nan,nan,nan,nan,nan,nan,nan,nan,nan,nan
167.0,62.0,25.0,nan,nan,nan,nan,nan,nan,nan,nan,nan,nan,nan,nan,nan,nan
167.0,62.0,25.0,nan,nan,nan,nan,nan,nan,nan,nan,nan,nan,nan,nan,nan,nan
169.0,55.0,65.0,nan,nan,nan,nan,nan,nan,nan,nan,nan,nan,nan,nan,nan,nan
169.0,55.0,65.0,nan,nan,nan,nan,nan,nan,nan,nan,nan,nan,nan,nan,nan,nan
165.0,56.0,65.0,nan,nan,nan,nan,nan,nan,nan,nan,nan,nan,nan,nan,nan,nan
165.0,56.0,65.0,nan,nan,nan,nan,nan,nan,nan,nan,nan,nan,nan,nan,nan,nan
180.0,80.0,36.0,nan,nan,nan,nan,nan,nan,nan,nan,nan,nan,nan,nan,nan,nan
180.0,80.0,36.0,nan,nan,nan,nan,nan,nan,nan,nan,nan,nan,nan,nan,nan,nan
180.0,80.0,36.0,nan,nan,nan,nan,nan,nan,nan,nan,nan,nan,nan,nan,nan,nan
180.0,80.0,36.0,nan,nan,nan,nan,nan,nan,nan,nan,nan,nan,nan,nan,nan,nan
180.0,80.0,36.0,nan,nan,nan,nan,nan,nan,nan,nan,nan,nan,nan,nan,nan,nan
180.0,80.0,36.0,nan,nan,nan,nan,nan,nan,nan,nan,nan,nan,nan,nan,nan,nan
180.0,80.0,36.0,nan,nan,nan,nan,nan,nan,nan,nan,nan,nan,nan,nan,nan,nan
180.0,80.0,36.0,nan,nan,nan,nan,nan,nan,nan,nan,nan,nan,nan,nan,nan,nan
170.0,55.0,35.0,nan,nan,nan,nan,nan,nan,nan,nan,nan,nan,nan,nan,nan,nan
165.0,72.0,22.0,nan,nan,nan,nan,nan,nan,nan,nan,nan,nan,nan,nan,nan,nan
165.0,72.0,22.0,nan,nan,nan,nan,nan,nan,nan,nan,nan,nan,nan,nan,nan,nan
170.0,65.0,37.0,nan,nan,nan,nan,nan,nan,nan,nan,nan,nan,nan,nan,nan,nan
173.0,75.0,31.0,nan,nan,nan,nan,nan,nan,nan,nan,nan,nan,nan,nan,nan,nan
173.0,75.0,31.0,nan,nan,nan,nan,nan,nan,nan,nan,nan,nan,nan,nan,nan,nan
180.0,80.0,40.0,nan,nan,nan,nan,nan,nan,nan,nan,nan,nan,nan,nan,nan,nan
180.0,80.0,40.0,nan,nan,nan,nan,nan,nan,nan,nan,nan,nan,nan,nan,nan,nan
170.0,50.0,35.0,nan,nan,nan,nan,nan,nan,nan,nan,nan,nan,nan,nan,nan,nan
170.0,67.0,56.0,nan,nan,nan,nan,nan,nan,nan,nan,nan,nan,nan,nan,nan,nan
170.0,67.0,56.0,nan,nan,nan,nan,nan,nan,nan,nan,nan,nan,nan,nan,nan,nan
171.0,79.0,35.0,nan,nan,nan,nan,nan,nan,nan,nan,nan,nan,nan,nan,nan,nan
171.0,79.0,35.0,nan,nan,nan,nan,nan,nan,nan,nan,nan,nan,nan,nan,nan,nan
180.0,80.0,41.0,nan,nan,nan,nan,nan,nan,nan,nan,nan,nan,nan,nan,nan,nan
180.0,80.0,41.0,nan,nan,nan,nan,nan,nan,nan,nan,nan,nan,nan,nan,nan,nan
180.0,65.0,42.0,nan,nan,nan,nan,nan,nan,nan,nan,nan,nan,nan,nan,nan,nan
180.0,65.0,42.0,nan,nan,nan,nan,nan,nan,nan,nan,nan,nan,nan,nan,nan,nan
180.0,65.0,42.0,nan,nan,nan,nan,nan,nan,nan,nan,nan,nan,nan,nan,nan,nan
169.0,60.0,50.0,nan,nan,nan,nan,nan,nan,nan,nan,nan,nan,nan,nan,nan,nan
169.0,60.0,50.0,nan,nan,nan,nan,nan,nan,nan,nan,nan,nan,nan,nan,nan,nan
163.0,83.0,35.0,nan,nan,nan,nan,nan,nan,nan,nan,nan,nan,nan,nan,nan,nan
163.0,83.0,35.0,nan,nan,nan,nan,nan,nan,nan,nan,nan,nan,nan,nan,nan,nan
185.0,73.0,36.0,nan,nan,nan,nan,nan,nan,nan,nan,nan,nan,nan,nan,nan,nan
185.0,73.0,36.0,nan,nan,nan,nan,nan,nan,nan,nan,nan,nan,nan,nan,nan,nan
185.0,73.0,36.0,nan,nan,nan,nan,nan,nan,nan,nan,nan,nan,nan,nan,nan,nan
161.0,55.0,34.0,nan,nan,nan,nan,nan,nan,nan,nan,nan,nan,nan,nan,nan,nan
161.0,55.0,34.0,nan,nan,nan,nan,nan,nan,nan,nan,nan,nan,nan,nan,nan,nan
180.0,67.0,67.0,nan,nan,nan,nan,nan,nan,nan,nan,nan,nan,nan,nan,nan,nan
180.0,67.0,67.0,nan,nan,nan,nan,nan,nan,nan,nan,nan,nan,nan,nan,nan,nan
173.0,74.0,27.0,nan,nan,nan,nan,nan,nan,nan,nan,nan,nan,nan,nan,nan,nan
173.0,73.0,28.0,nan,nan,nan,nan,nan,nan,nan,nan,nan,nan,nan,nan,nan,nan
167.0,67.0,67.0,nan,nan,nan,nan,nan,nan,nan,nan,nan,nan,nan,nan,nan,nan
167.0,67.0,67.0,nan,nan,nan,nan,nan,nan,nan,nan,nan,nan,nan,nan,nan,nan
167.0,67.0,67.0,nan,nan,nan,nan,nan,nan,nan,nan,nan,nan,nan,nan,nan,nan
167.0,67.0,67.0,nan,nan,nan,nan,nan,nan,nan,nan,nan,nan,nan,nan,nan,nan
167.0,67.0,37.0,nan,nan,nan,nan,nan,nan,nan,nan,nan,nan,nan,nan,nan,nan
167.0,67.0,37.0,nan,nan,nan,nan,nan,nan,nan,nan,nan,nan,nan,nan,nan,nan
100.0,100.0,100.0,nan,nan,nan,nan,nan,nan,nan,nan,nan,nan,nan,nan,nan,nan
100.0,100.0,100.0,nan,nan,nan,nan,nan,nan,nan,nan,nan,nan,nan,nan,nan,nan
100.0,100.0,100.0,nan,nan,nan,nan,nan,nan,nan,nan,nan,nan,nan,nan,nan,nan
100.0,100.0,100.0,nan,nan,nan,nan,nan,nan,nan,nan,nan,nan,nan,nan,nan,nan
167.0,67.0,37.0,nan,nan,nan,nan,nan,nan,nan,nan,nan,nan,nan,nan,nan,nan
167.0,67.0,37.0,nan,nan,nan,nan,nan,nan,nan,nan,nan,nan,nan,nan,nan,nan
181.0,62.0,21.0,nan,nan,nan,nan,nan,nan,nan,nan,nan,nan,nan,nan,nan,nan
181.0,62.0,21.0,nan,nan,nan,nan,nan,nan,nan,nan,nan,nan,nan,nan,nan,nan
181.0,62.0,21.0,nan,nan,nan,nan,nan,nan,nan,nan,nan,nan,nan,nan,nan,nan
170.0,70.0,29.0,nan,nan,nan,nan,nan,nan,nan,nan,nan,nan,nan,nan,nan,nan
170.0,70.0,29.0,nan,nan,nan,nan,nan,nan,nan,nan,nan,nan,nan,nan,nan,nan
170.0,70.0,29.0,nan,nan,nan,nan,nan,nan,nan,nan,nan,nan,nan,nan,nan,nan
170.0,70.0,29.0,nan,nan,nan,nan,nan,nan,nan,nan,nan,nan,nan,nan,nan,nan
170.0,70.0,29.0,nan,nan,nan,nan,nan,nan,nan,nan,nan,nan,nan,nan,nan,nan
170.0,70.0,29.0,nan,nan,nan,nan,nan,nan,nan,nan,nan,nan,nan,nan,nan,nan
163.0,83.0,35.0,nan,nan,nan,nan,nan,nan,nan,nan,nan,nan,nan,nan,nan,nan
163.0,83.0,35.0,nan,nan,nan,nan,nan,nan,nan,nan,nan,nan,nan,nan,nan,nan
163.0,83.0,35.0,nan,nan,nan,nan,nan,nan,nan,nan,nan,nan,nan,nan,nan,nan
163.0,83.0,35.0,nan,nan,nan,nan,nan,nan,nan,nan,nan,nan,nan,nan,nan,nan
171.0,79.0,35.0,nan,nan,nan,nan,nan,nan,nan,nan,nan,nan,nan,nan,nan,nan
171.0,79.0,35.0,nan,nan,nan,nan,nan,nan,nan,nan,nan,nan,nan,nan,nan,nan
171.0,79.0,35.0,nan,nan,nan,nan,nan,nan,nan,nan,nan,nan,nan,nan,nan,nan
171.0,79.0,35.0,nan,nan,nan,nan,nan,nan,nan,nan,nan,nan,nan,nan,nan,nan
177.0,66.0,28.0,nan,nan,nan,nan,nan,nan,nan,nan,nan,nan,nan,nan,nan,nan
177.0,66.0,28.0,nan,nan,nan,nan,nan,nan,nan,nan,nan,nan,nan,nan,nan,nan
187.0,88.0,35.0,nan,nan,nan,nan,nan,nan,nan,nan,nan,nan,nan,nan,nan,nan
178.0,68.0,29.0,nan,nan,nan,nan,nan,nan,nan,nan,nan,nan,nan,nan,nan,nan
168.0,75.0,56.0,nan,nan,nan,nan,nan,nan,nan,nan,nan,nan,nan,nan,nan,nan
168.0,75.0,56.0,nan,nan,nan,nan,nan,nan,nan,nan,nan,nan,nan,nan,nan,nan
178.0,89.0,45.0,nan,nan,nan,nan,nan,nan,nan,nan,nan,nan,nan,nan,nan,nan
178.0,89.0,45.0,nan,nan,nan,nan,nan,nan,nan,nan,nan,nan,nan,nan,nan,nan
178.0,89.0,45.0,nan,nan,nan,nan,nan,nan,nan,nan,nan,nan,nan,nan,nan,nan
171.0,79.0,35.0,nan,nan,nan,nan,nan,nan,nan,nan,nan,nan,nan,nan,nan,nan
171.0,79.0,35.0,nan,nan,nan,nan,nan,nan,nan,nan,nan,nan,nan,nan,nan,nan
173.0,74.0,32.0,nan,nan,nan,nan,nan,nan,nan,nan,nan,nan,nan,nan,nan,nan
173.0,74.0,32.0,nan,nan,nan,nan,nan,nan,nan,nan,nan,nan,nan,nan,nan,nan
170.0,70.0,29.0,nan,nan,nan,nan,nan,nan,nan,nan,nan,nan,nan,nan,nan,nan
170.0,70.0,29.0,nan,nan,nan,nan,nan,nan,nan,nan,nan,nan,nan,nan,nan,nan
170.0,70.0,29.0,nan,nan,nan,nan,nan,nan,nan,nan,nan,nan,nan,nan,nan,nan
177.0,69.0,28.0,nan,nan,nan,nan,nan,nan,nan,nan,nan,nan,nan,nan,nan,nan
173.0,74.0,32.0,nan,nan,nan,nan,nan,nan,nan,nan,nan,nan,nan,nan,nan,nan
173.0,74.0,32.0,nan,nan,nan,nan,nan,nan,nan,nan,nan,nan,nan,nan,nan,nan
165.0,73.0,23.0,nan,nan,nan,nan,nan,nan,nan,nan,nan,nan,nan,nan,nan,nan
165.0,73.0,23.0,nan,nan,nan,nan,nan,nan,nan,nan,nan,nan,nan,nan,nan,nan
168.0,75.0,56.0,nan,nan,nan,nan,nan,nan,nan,nan,nan,nan,nan,nan,nan,nan
168.0,75.0,56.0,nan,nan,nan,nan,nan,nan,nan,nan,nan,nan,nan,nan,nan,nan
168.0,75.0,56.0,nan,nan,nan,nan,nan,nan,nan,nan,nan,nan,nan,nan,nan,nan
178.0,89.0,45.0,nan,nan,nan,nan,nan,nan,nan,nan,nan,nan,nan,nan,nan,nan
178.0,89.0,45.0,nan,nan,nan,nan,nan,nan,nan,nan,nan,nan,nan,nan,nan,nan
163.0,83.0,35.0,nan,nan,nan,nan,nan,nan,nan,nan,nan,nan,nan,nan,nan,nan
163.0,83.0,35.0,nan,nan,nan,nan,nan,nan,nan,nan,nan,nan,nan,nan,nan,nan
163.0,83.0,35.0,nan,nan,nan,nan,nan,nan,nan,nan,nan,nan,nan,nan,nan,nan
163.0,83.0,35.0,nan,nan,nan,nan,nan,nan,nan,nan,nan,nan,nan,nan,nan,nan
163.0,83.0,35.0,nan,nan,nan,nan,nan,nan,nan,nan,nan,nan,nan,nan,nan,nan
163.0,83.0,35.0,nan,nan,nan,nan,nan,nan,nan,nan,nan,nan,nan,nan,nan,nan
178.0,65.0,27.0,nan,nan,nan,nan,nan,nan,nan,nan,nan,nan,nan,nan,nan,nan
178.0,65.0,27.0,nan,nan,nan,nan,nan,nan,nan,nan,nan,nan,nan,nan,nan,nan
178.0,89.0,56.0,nan,nan,nan,nan,nan,nan,nan,nan,nan,nan,nan,nan,nan,nan
165.0,73.0,21.0,nan,nan,nan,nan,nan,nan,nan,nan,nan,nan,nan,nan,nan,nan
165.0,73.0,21.0,nan,nan,nan,nan,nan,nan,nan,nan,nan,nan,nan,nan,nan,nan
180.0,80.0,35.0,nan,nan,nan,nan,nan,nan,nan,nan,nan,nan,nan,nan,nan,nan
180.0,80.0,35.0,nan,nan,nan,nan,nan,nan,nan,nan,nan,nan,nan,nan,nan,nan
163.0,83.0,35.0,nan,nan,nan,nan,nan,nan,nan,nan,nan,nan,nan,nan,nan,nan
163.0,83.0,35.0,nan,nan,nan,nan,nan,nan,nan,nan,nan,nan,nan,nan,nan,nan
172.0,65.0,30.0,nan,nan,nan,nan,nan,nan,nan,nan,nan,nan,nan,nan,nan,nan
172.0,65.0,30.0,nan,nan,nan,nan,nan,nan,nan,nan,nan,nan,nan,nan,nan,nan
183.0,79.0,20.0,nan,nan,nan,nan,nan,nan,nan,nan,nan,nan,nan,nan,nan,nan
183.0,79.0,20.0,nan,nan,nan,nan,nan,nan,nan,nan,nan,nan,nan,nan,nan,nan
183.0,79.0,20.0,nan,nan,nan,nan,nan,nan,nan,nan,nan,nan,nan,nan,nan,nan
170.0,70.0,29.0,nan,nan,nan,nan,nan,nan,nan,nan,nan,nan,nan,nan,nan,nan
170.0,70.0,29.0,nan,nan,nan,nan,nan,nan,nan,nan,nan,nan,nan,nan,nan,nan
170.0,70.0,29.0,nan,nan,nan,nan,nan,nan,nan,nan,nan,nan,nan,nan,nan,nan
178.0,89.0,45.0,nan,nan,nan,nan,nan,nan,nan,nan,nan,nan,nan,nan,nan,nan
178.0,89.0,45.0,nan,nan,nan,nan,nan,nan,nan,nan,nan,nan,nan,nan,nan,nan
178.0,89.0,45.0,nan,nan,nan,nan,nan,nan,nan,nan,nan,nan,nan,nan,nan,nan
165.0,73.0,21.0,nan,nan,nan,nan,nan,nan,nan,nan,nan,nan,nan,nan,nan,nan
165.0,73.0,21.0,nan,nan,nan,nan,nan,nan,nan,nan,nan,nan,nan,nan,nan,nan
165.0,73.0,21.0,nan,nan,nan,nan,nan,nan,nan,nan,nan,nan,nan,nan,nan,nan
178.0,89.0,56.0,nan,nan,nan,nan,nan,nan,nan,nan,nan,nan,nan,nan,nan,nan
168.0,89.0,56.0,nan,nan,nan,nan,nan,nan,nan,nan,nan,nan,nan,nan,nan,nan
168.0,89.0,56.0,nan,nan,nan,nan,nan,nan,nan,nan,nan,nan,nan,nan,nan,nan
168.0,89.0,56.0,nan,nan,nan,nan,nan,nan,nan,nan,nan,nan,nan,nan,nan,nan
167.0,67.0,36.0,nan,nan,nan,nan,nan,nan,nan,nan,nan,nan,nan,nan,nan,nan
167.0,67.0,36.0,nan,nan,nan,nan,nan,nan,nan,nan,nan,nan,nan,nan,nan,nan
165.0,73.0,21.0,nan,nan,nan,nan,nan,nan,nan,nan,nan,nan,nan,nan,nan,nan
165.0,73.0,21.0,nan,nan,nan,nan,nan,nan,nan,nan,nan,nan,nan,nan,nan,nan
178.0,75.0,56.0,nan,nan,nan,nan,nan,nan,nan,nan,nan,nan,nan,nan,nan,nan
178.0,75.0,56.0,nan,nan,nan,nan,nan,nan,nan,nan,nan,nan,nan,nan,nan,nan
178.0,75.0,56.0,nan,nan,nan,nan,nan,nan,nan,nan,nan,nan,nan,nan,nan,nan
176.0,67.0,33.0,nan,nan,nan,nan,nan,nan,nan,nan,nan,nan,nan,nan,nan,nan
176.0,67.0,33.0,nan,nan,nan,nan,nan,nan,nan,nan,nan,nan,nan,nan,nan,nan
183.0,79.0,20.0,nan,nan,nan,nan,nan,nan,nan,nan,nan,nan,nan,nan,nan,nan
163.0,83.0,35.0,nan,nan,nan,nan,nan,nan,nan,nan,nan,nan,nan,nan,nan,nan
163.0,83.0,35.0,nan,nan,nan,nan,nan,nan,nan,nan,nan,nan,nan,nan,nan,nan
178.0,89.0,56.0,nan,nan,nan,nan,nan,nan,nan,nan,nan,nan,nan,nan,nan,nan
178.0,89.0,56.0,nan,nan,nan,nan,nan,nan,nan,nan,nan,nan,nan,nan,nan,nan
183.0,79.0,20.0,nan,nan,nan,nan,nan,nan,nan,nan,nan,nan,nan,nan,nan,nan
183.0,79.0,20.0,nan,nan,nan,nan,nan,nan,nan,nan,nan,nan,nan,nan,nan,nan
183.0,79.0,20.0,nan,nan,nan,nan,nan,nan,nan,nan,nan,nan,nan,nan,nan,nan
178.0,89.0,56.0,nan,nan,nan,nan,nan,nan,nan,nan,nan,nan,nan,nan,nan,nan
178.0,89.0,56.0,nan,nan,nan,nan,nan,nan,nan,nan,nan,nan,nan,nan,nan,nan
178.0,89.0,56.0,nan,nan,nan,nan,nan,nan,nan,nan,nan,nan,nan,nan,nan,nan
178.0,89.0,56.0,nan,nan,nan,nan,nan,nan,nan,nan,nan,nan,nan,nan,nan,nan
183.0,79.0,20.0,nan,nan,nan,nan,nan,nan,nan,nan,nan,nan,nan,nan,nan,nan
183.0,79.0,20.0,nan,nan,nan,nan,nan,nan,nan,nan,nan,nan,nan,nan,nan,nan
171.0,79.0,35.0,nan,nan,nan,nan,nan,nan,nan,nan,nan,nan,nan,nan,nan,nan
171.0,79.0,35.0,nan,nan,nan,nan,nan,nan,nan,nan,nan,nan,nan,nan,nan,nan
169.0,92.0,21.0,nan,nan,nan,nan,nan,nan,nan,nan,nan,nan,nan,nan,nan,nan
180.0,75.0,35.0,nan,nan,nan,nan,nan,nan,nan,nan,nan,nan,nan,nan,nan,nan
180.0,75.0,35.0,nan,nan,nan,nan,nan,nan,nan,nan,nan,nan,nan,nan,nan,nan
180.0,75.0,35.0,nan,nan,nan,nan,nan,nan,nan,nan,nan,nan,nan,nan,nan,nan
180.0,75.0,35.0,nan,nan,nan,nan,nan,nan,nan,nan,nan,nan,nan,nan,nan,nan
